Workbook

Sheet 전체
A1: 22년도 | B1: 살인(발생) | C1: 살인(검거) | D1: 강도(발생) | E1: 강도(검거) | F1: 강간·강제추행(발생) | G1: 강간·강제추행(검거) | H1: 절도(발생) | I1: 절도(검거) | J1: 폭력(발생) | K1: 폭력(검거) | L1: 인구 [명] | M1: 면적 [㎢] | N1: 인구밀도 [명/㎢] | O1: 남자(한국인) [명] | P1: 여자(한국인) [명] | Q1: 남자(외국인) [명] | R1: 여자(외국인) [명] | S1: 서대당 인구 [명] | T1: 65세이상고령자 [명] | U1: 한국인 합계 | V1: 0~4세 | W1: 5~9세 | X1: 10~14세 | Y1: 15~19세 | Z1: 20~24세 | AA1: 25~29세 | AB1: 30~34세 | AC1: 35~39세 | AD1: 40~44세 | AE1: 45~49세 | AF1: 50~54세 | AG1: 55~59세 | AH1: 60~64세 | AI1: 65~69세 | AJ1: 70~74세 | AK1: 75~79세 | AL1: 80~84세 | AM1: 85~89세 | AN1: 90~94세 | AO1: 95~99세 | AP1: 100세 이상 | AQ1: 등록 외국인 합계 | AR1: 0~4세 | AS1: 5~9세 | AT1: 10~14세 | AU1: 15~19세 | AV1: 20~24세 | AW1: 25~29세 | AX1: 30~34세 | AY1: 35~39세 | AZ1: 40~44세 | BA1: 45~49세 | BB1: 50~54세 | BC1: 55~59세 | BD1: 60~64세 | BE1: 65~69세 | BF1: 70~74세 | BG1: 75~79세 | BH1: 80~84세 | BI1: 85~89세 | BJ1: 90~94세 | BK1: 95~99세 | BL1: 100세 이상 | BM1: cctv 범죄예방 수사용) [대] | BN1: 안심이 cctv 수 | BO1: 여성안심지키미집 | BP1: 안전비상벨 | BQ1: 고정식 | BR1: 도심공원 | BS1: 미세먼지 | BT1: 방범 | BU1: 불법주정차 | BV1: 산불감시 | BW1: 시설물 관리 | BX1: 쓰레기 무단투기 | BY1: 어린이안전 | BZ1: 자전거보관소 | CA1: 치수방재 | CB1: 회전식 | CC1: (비어 있음) | CD1: 보안등 | CE1: 가로등 | CF1: 안심벨 (안심귀갓길) | CG1: CCTV (안심귀갓길) | CH1: 안내표지판 (전주 표기 포함) (안심귀갓길) | CI1: 노면표기 (안심귀갓길) | CJ1: 보안등 (안심귀갓길) | CK1: 안심귀갓길 서비스 안내판 (안심귀갓길) | CL1: 112 위치 신고 안내 (안심귀갓길) | CM1: 기타 (안심반사경 등) (안심귀갓길) | CN1: 안심귀가 스카우트 이용수 | CO1: 안심쉬가 스카우트 인원
A2: 강남구 | B2: 12 | C2: 10 | D2: 11 | E2: 10 | F2: 667 | G2: 534 | H2: 2495 | I2: 1207 | J2: 3762 | K2: 3259 | L2: 534103 | M2: 39.5 | N2: 13522 | O2: 253072 | P2: 276030 | Q2: 2291 | R2: 2710 | S2: 2.27 | T2: 81715 | U2: 529102 | V2: 11486 | W2: 20834 | X2: 29958 | Y2: 30137 | Z2: 29964 | AA2: 38028 | AB2: 38701 | AC2: 36951 | AD2: 46946 | AE2: 49344 | AF2: 48216 | AG2: 34873 | AH2: 32100 | AI2: 29011 | AJ2: 21167 | AK2: 15305 | AL2: 9363 | AM2: 4395 | AN2: 1776 | AO2: 469 | AP2: 78 | AQ2: 5001 | AR2: 55 | AS2: 74 | AT2: 56 | AU2: 138 | AV2: 620 | AW2: 1007 | AX2: 841 | AY2: 632 | AZ2: 455 | BA2: 320 | BB2: 290 | BC2: 243 | BD2: 119 | BE2: 83 | BF2: 36 | BG2: 17 | BH2: 7 | BI2: 5 | BJ2: 2 | BK2: 0 | BL2: 1 | BM2: 6495 | BN2: 7009 | BO2: 108 | BP2: 2 | BQ2: 0 | BR2: 11 | BS2: 0 | BT2: 6175 | BU2: 580 | BV2: 0 | BW2: 0 | BX2: 0 | BY2: 0 | BZ2: 0 | CA2: 56 | CB2: 0 | CC2: 0 | CD2: 10211 | CE2: 14351 | CF2: 89 | CG2: 186 | CH2: 8 | CI2: 67 | CJ2: 471 | CK2: 0 | CL2: 111 | CM2: 3 | CN2: 4943 | CO2: 15
A3: 강동구 | B3: 5 | C3: 6 | D3: 5 | E3: 5 | F3: 157 | G3: 134 | H3: 1672 | I3: 900 | J3: 1872 | K3: 1599 | L3: 464037 | M3: 24.59 | N3: 18871 | O3: 225221 | P3: 234846 | Q3: 1754 | R3: 2216 | S3: 2.28 | T3: 78340 | U3: 460067 | V3: 13887 | W3: 18673 | X3: 19984 | Y3: 19080 | Z3: 24217 | AA3: 33769 | AB3: 34905 | AC3: 34441 | AD3: 39385 | AE3: 35344 | AF3: 37258 | AG3: 33562 | AH3: 37371 | AI3: 30286 | AJ3: 20304 | AK3: 13360 | AL3: 8454 | AM3: 3858 | AN3: 1517 | AO3: 342 | AP3: 70 | AQ3: 3970 | AR3: 91 | AS3: 101 | AT3: 77 | AU3: 75 | AV3: 256 | AW3: 493 | AX3: 524 | AY3: 462 | AZ3: 353 | BA3: 306 | BB3: 414 | BC3: 440 | BD3: 229 | BE3: 86 | BF3: 42 | BG3: 13 | BH3: 3 | BI3: 2 | BJ3: 2 | BK3: 0 | BL3: 1 | BM3: 3086 | BN3: 3191 | BO3: 43 | BP3: 0 | BQ3: 0 | BR3: 157 | BS3: 0 | BT3: 2080 | BU3: 72 | BV3: 0 | BW3: 0 | BX3: 0 | BY3: 232 | BZ3: 0 | CA3: 0 | CB3: 0 | CC3: 0 | CD3: 7508 | CE3: 8126 | CF3: 46 | CG3: 48 | CH3: 0 | CI3: 71 | CJ3: 276 | CK3: 0 | CL3: 65 | CM3: 0 | CN3: 5063 | CO3: 13
A4: 강북구 | B4: 5 | C4: 4 | D4: 5 | E4: 6 | F4: 177 | G4: 147 | H4: 872 | I4: 589 | J4: 1773 | K4: 1597 | L4: 297702 | M4: 23.6 | N4: 12614 | O4: 142567 | P4: 151093 | Q4: 1470 | R4: 2572 | S4: 2.03 | T4: 66307 | U4: 293660 | V4: 5071 | W4: 7715 | X4: 9337 | Y4: 10693 | Z4: 17730 | AA4: 22119 | AB4: 18991 | AC4: 16930 | AD4: 20318 | AE4: 21795 | AF4: 26601 | AG4: 24190 | AH4: 26000 | AI4: 21379 | AJ4: 16301 | AK4: 13058 | AL4: 9805 | AM4: 4108 | AN4: 1208 | AO4: 269 | AP4: 42 | AQ4: 4042 | AR4: 85 | AS4: 67 | AT4: 39 | AU4: 204 | AV4: 904 | AW4: 638 | AX4: 456 | AY4: 363 | AZ4: 278 | BA4: 210 | BB4: 227 | BC4: 270 | BD4: 164 | BE4: 67 | BF4: 39 | BG4: 17 | BH4: 4 | BI4: 4 | BJ4: 3 | BK4: 1 | BL4: 2 | BM4: 3184 | BN4: 2858 | BO4: 25 | BP4: 1 | BQ4: 1 | BR4: 190 | BS4: 0 | BT4: 2134 | BU4: 93 | BV4: 0 | BW4: 0 | BX4: 0 | BY4: 342 | BZ4: 0 | CA4: 0 | CB4: 0 | CC4: 3 | CD4: 9777 | CE4: 4308 | CF4: 78 | CG4: 198 | CH4: 78 | CI4: 154 | CJ4: 421 | CK4: 1 | CL4: 201 | CM4: 5 | CN4: 3764 | CO4: 17
A5: 강서구 | B5: 3 | C5: 3 | D5: 7 | E5: 7 | F5: 261 | G5: 195 | H5: 1991 | I5: 1185 | J5: 2401 | K5: 2201 | L5: 574638 | M5: 41.45 | N5: 13862 | O5: 273203 | P5: 295963 | Q5: 2382 | R5: 3090 | S5: 2.08 | T5: 97128 | U5: 569166 | V5: 14350 | W5: 19273 | X5: 21121 | Y5: 21922 | Z5: 30812 | AA5: 51892 | AB5: 53354 | AC5: 44263 | AD5: 45899 | AE5: 42230 | AF5: 44128 | AG5: 39004 | AH5: 44038 | AI5: 35863 | AJ5: 24532 | AK5: 16856 | AL5: 11446 | AM5: 5537 | AN5: 2068 | AO5: 501 | AP5: 77 | AQ5: 5472 | AR5: 159 | AS5: 129 | AT5: 75 | AU5: 88 | AV5: 282 | AW5: 629 | AX5: 793 | AY5: 733 | AZ5: 539 | BA5: 396 | BB5: 513 | BC5: 565 | BD5: 323 | BE5: 137 | BF5: 68 | BG5: 21 | BH5: 12 | BI5: 7 | BJ5: 2 | BK5: 1 | BL5: 0 | BM5: 3151 | BN5: 3481 | BO5: 32 | BP5: 1 | BQ5: 0 | BR5: 127 | BS5: 0 | BT5: 1983 | BU5: 84 | BV5: 0 | BW5: 0 | BX5: 28 | BY5: 215 | BZ5: 0 | CA5: 0 | CB5: 0 | CC5: 0 | CD5: 8639 | CE5: 9994 | CF5: 34 | CG5: 43 | CH5: 8 | CI5: 65 | CJ5: 177 | CK5: 0 | CL5: 57 | CM5: 0 | CN5: 2647 | CO5: 14
A6: 관악구 | B6: 10 | C6: 8 | D6: 9 | E6: 8 | F6: 327 | G6: 279 | H6: 1966 | I6: 1050 | J6: 2567 | K6: 2066 | L6: 501226 | M6: 29.57 | N6: 16951 | O6: 244748 | P6: 242004 | Q6: 5939 | R6: 8535 | S6: 1.72 | T6: 82447 | U6: 486752 | V6: 7766 | W6: 10398 | X6: 11799 | Y6: 14529 | Z6: 37548 | AA6: 72767 | AB6: 53282 | AC6: 33964 | AD6: 32759 | AE6: 31007 | AF6: 35052 | AG6: 31013 | AH6: 33020 | AI6: 27038 | AJ6: 21154 | AK6: 15953 | AL6: 11437 | AM6: 4520 | AN6: 1394 | AO6: 299 | AP6: 53 | AQ6: 14474 | AR6: 279 | AS6: 263 | AT6: 135 | AU6: 370 | AV6: 2246 | AW6: 2469 | AX6: 1678 | AY6: 1207 | AZ6: 861 | BA6: 772 | BB6: 1195 | BC6: 1556 | BD6: 844 | BE6: 386 | BF6: 132 | BG6: 36 | BH6: 18 | BI6: 16 | BJ6: 8 | BK6: 3 | BL6: 0 | BM6: 4029 | BN6: 5366 | BO6: 51 | BP6: 1 | BQ6: 0 | BR6: 0 | BS6: 0 | BT6: 4641 | BU6: 0 | BV6: 0 | BW6: 0 | BX6: 0 | BY6: 0 | BZ6: 0 | CA6: 0 | CB6: 0 | CC6: 0 | CD6: 12401 | CE6: 5789 | CF6: 49 | CG6: 159 | CH6: 4 | CI6: 72 | CJ6: 328 | CK6: 1 | CL6: 98 | CM6: 5 | CN6: 7858 | CO6: 21
A7: 광진구 | B7: 6 | C7: 5 | D7: 0 | E7: 0 | F7: 230 | G7: 174 | H7: 1670 | I7: 831 | J7: 1713 | K7: 1488 | L7: 351252 | M7: 17.06 | N7: 20586 | O7: 162541 | P7: 174875 | Q7: 5656 | R7: 8180 | S7: 1.99 | T7: 54071 | U7: 337416 | V7: 6764 | W7: 9683 | X7: 11511 | Y7: 12958 | Z7: 23990 | AA7: 36230 | AB7: 30691 | AC7: 24010 | AD7: 24775 | AE7: 24463 | AF7: 28156 | AG7: 25108 | AH7: 25340 | AI7: 19351 | AJ7: 13004 | AK7: 9714 | AL7: 7111 | AM7: 3214 | AN7: 1049 | AO7: 252 | AP7: 42 | AQ7: 13836 | AR7: 288 | AS7: 309 | AT7: 206 | AU7: 695 | AV7: 3773 | AW7: 2377 | AX7: 1281 | AY7: 920 | AZ7: 668 | BA7: 568 | BB7: 831 | BC7: 1050 | BD7: 536 | BE7: 214 | BF7: 82 | BG7: 11 | BH7: 14 | BI7: 9 | BJ7: 2 | BK7: 0 | BL7: 2 | BM7: 3370 | BN7: 4091 | BO7: 15 | BP7: 1 | BQ7: 0 | BR7: 152 | BS7: 0 | BT7: 2225 | BU7: 70 | BV7: 4 | BW7: 172 | BX7: 70 | BY7: 448 | BZ7: 0 | CA7: 5 | CB7: 0 | CC7: 0 | CD7: 8971 | CE7: 4944 | CF7: 30 | CG7: 95 | CH7: 6 | CI7: 13 | CJ7: 167 | CK7: 0 | CL7: 30 | CM7: 0 | CN7: 5141 | CO7: 10
A8: 구로구 | B8: 11 | C8: 11 | D8: 8 | E8: 9 | F8: 217 | G8: 145 | H8: 1565 | I8: 841 | J8: 2056 | K8: 1726 | L8: 418418 | M8: 20.12 | N8: 20794 | O8: 194274 | P8: 201041 | Q8: 12358 | R8: 10745 | S8: 2.15 | T8: 75890 | U8: 395315 | V8: 10971 | W8: 13384 | X8: 14237 | Y8: 14400 | Z8: 21254 | AA8: 31577 | AB8: 32507 | AC8: 29058 | AD8: 30833 | AE8: 29311 | AF8: 32214 | AG8: 29330 | AH8: 31748 | AI8: 26320 | AJ8: 19171 | AK8: 13822 | AL8: 9469 | AM8: 4070 | AN8: 1313 | AO8: 287 | AP8: 39 | AQ8: 23103 | AR8: 692 | AS8: 753 | AT8: 402 | AU8: 305 | AV8: 664 | AW8: 1043 | AX8: 1902 | AY8: 2392 | AZ8: 2059 | BA8: 1998 | BB8: 3221 | BC8: 4267 | BD8: 2006 | BE8: 984 | BF8: 261 | BG8: 67 | BH8: 42 | BI8: 25 | BJ8: 15 | BK8: 5 | BL8: 0 | BM8: 4013 | BN8: 4050 | BO8: 30 | BP8: 5 | BQ8: 0 | BR8: 404 | BS8: 0 | BT8: 2803 | BU8: 388 | BV8: 12 | BW8: 40 | BX8: 29 | BY8: 544 | BZ8: 11 | CA8: 90 | CB8: 0 | CC8: 0 | CD8: 8015 | CE8: 8270 | CF8: 24 | CG8: 39 | CH8: 19 | CI8: 29 | CJ8: 140 | CK8: 0 | CL8: 58 | CM8: 0 | CN8: 2773 | CO8: 14
A9: 금천구 | B9: 2 | C9: 1 | D9: 3 | E9: 3 | F9: 127 | G9: 87 | H9: 1118 | I9: 662 | J9: 1327 | K9: 1134 | L9: 242818 | M9: 13.02 | N9: 18649 | O9: 115786 | P9: 113856 | Q9: 6989 | R9: 6187 | S9: 1.92 | T9: 42928 | U9: 229642 | V9: 4899 | W9: 5800 | X9: 5800 | Y9: 7182 | Z9: 12598 | AA9: 23817 | AB9: 21588 | AC9: 15849 | AD9: 15431 | AE9: 15272 | AF9: 19088 | AG9: 19101 | AH9: 20425 | AI9: 15099 | AJ9: 10634 | AK9: 7767 | AL9: 5502 | AM9: 2299 | AN9: 738 | AO9: 155 | AP9: 32 | AQ9: 13176 | AR9: 439 | AS9: 436 | AT9: 272 | AU9: 149 | AV9: 303 | AW9: 605 | AX9: 1071 | AY9: 1322 | AZ9: 1132 | BA9: 1181 | BB9: 1950 | BC9: 2491 | BD9: 1123 | BE9: 456 | BF9: 167 | BG9: 33 | BH9: 25 | BI9: 10 | BJ9: 6 | BK9: 4 | BL9: 1 | BM9: 2498 | BN9: 2725 | BO9: 9 | BP9: 3 | BQ9: 0 | BR9: 178 | BS9: 0 | BT9: 1773 | BU9: 135 | BV9: 0 | BW9: 0 | BX9: 44 | BY9: 270 | BZ9: 12 | CA9: 0 | CB9: 0 | CC9: 0 | CD9: 6269 | CE9: 4945 | CF9: 22 | CG9: 28 | CH9: 24 | CI9: 28 | CJ9: 100 | CK9: 0 | CL9: 21 | CM9: 0 | CN9: 3257 | CO9: 17
A10: 노원구 | B10: 3 | C10: 3 | D10: 3 | E10: 1 | F10: 180 | G10: 151 | H10: 1504 | I10: 729 | J10: 2206 | K10: 1757 | L10: 508014 | M10: 35.44 | N10: 14335 | O10: 242145 | P10: 261589 | Q10: 1865 | R10: 2415 | S10: 2.32 | T10: 92040 | U10: 503734 | V10: 11250 | W10: 17057 | X10: 22463 | Y10: 26647 | Z10: 34461 | AA10: 33406 | AB10: 31658 | AC10: 30220 | AD10: 36953 | AE10: 41583 | AF10: 47683 | AG10: 38664 | AH10: 39743 | AI10: 32025 | AJ10: 21950 | AK10: 16407 | AL10: 12629 | AM10: 6169 | AN10: 2207 | AO10: 480 | AP10: 79 | AQ10: 4280 | AR10: 72 | AS10: 51 | AT10: 35 | AU10: 212 | AV10: 1198 | AW10: 833 | AX10: 497 | AY10: 356 | AZ10: 247 | BA10: 202 | BB10: 188 | BC10: 187 | BD10: 108 | BE10: 50 | BF10: 23 | BG10: 12 | BH10: 6 | BI10: 2 | BJ10: 0 | BK10: 1 | BL10: 0 | BM10: 2284 | BN10: 2655 | BO10: 27 | BP10: 2 | BQ10: 0 | BR10: 0 | BS10: 0 | BT10: 1145 | BU10: 136 | BV10: 0 | BW10: 90 | BX10: 55 | BY10: 582 | BZ10: 0 | CA10: 0 | CB10: 0 | CC10: 1 | CD10: 5288 | CE10: 9573 | CF10: 46 | CG10: 89 | CH10: 8 | CI10: 84 | CJ10: 225 | CK10: 0 | CL10: 109 | CM10: 2 | CN10: 1137 | CO10: 13
A11: 도봉구 | B11: 3 | C11: 3 | D11: 0 | E11: 0 | F11: 70 | G11: 54 | H11: 969 | I11: 546 | J11: 1099 | K11: 966 | L11: 313989 | M11: 20.65 | N11: 15205 | O11: 151398 | P11: 160296 | Q11: 777 | R11: 1518 | S11: 2.25 | T11: 66998 | U11: 311694 | V11: 6202 | W11: 9387 | X11: 11027 | Y11: 12481 | Z11: 17670 | AA11: 21719 | AB11: 19763 | AC11: 18539 | AD11: 21591 | AE11: 22836 | AF11: 28469 | AG11: 26281 | AH11: 28787 | AI11: 23328 | AJ11: 15917 | AK11: 12149 | AL11: 9493 | AM11: 4246 | AN11: 1445 | AO11: 322 | AP11: 42 | AQ11: 2295 | AR11: 47 | AS11: 34 | AT11: 26 | AU11: 107 | AV11: 386 | AW11: 357 | AX11: 311 | AY11: 248 | AZ11: 181 | BA11: 149 | BB11: 169 | BC11: 145 | BD11: 79 | BE11: 35 | BF11: 14 | BG11: 3 | BH11: 3 | BI11: 1 | BJ11: 0 | BK11: 0 | BL11: 0 | BM11: 1994 | BN11: 1598 | BO11: 26 | BP11: 3 | BQ11: 0 | BR11: 106 | BS11: 0 | BT11: 1118 | BU11: 54 | BV11: 0 | BW11: 0 | BX11: 0 | BY11: 80 | BZ11: 0 | CA11: 0 | CB11: 44 | CC11: 0 | CD11: 6339 | CE11: 4613 | CF11: 26 | CG11: 75 | CH11: 30 | CI11: 43 | CJ11: 175 | CK11: 0 | CL11: 44 | CM11: 2 | CN11: 3503 | CO11: 9
A12: 동대문구 | B12: 4 | C12: 4 | D12: 2 | E12: 2 | F12: 125 | G12: 106 | H12: 1556 | I12: 823 | J12: 1566 | K12: 1296 | L12: 353601 | M12: 14.22 | N12: 15205 | O12: 165755 | P12: 170889 | Q12: 6148 | R12: 10809 | S12: 1.98 | T12: 64468 | U12: 336644 | V12: 8143 | W12: 10499 | X12: 10834 | Y12: 11900 | Z12: 25652 | AA12: 30577 | AB12: 25407 | AC12: 23160 | AD12: 24836 | AE12: 23572 | AF12: 27138 | AG12: 24459 | AH12: 26212 | AI12: 21602 | AJ12: 15442 | AK12: 12325 | AL12: 9144 | AM12: 4169 | AN12: 1259 | AO12: 259 | AP12: 55 | AQ12: 16957 | AR12: 173 | AS12: 150 | AT12: 85 | AU12: 912 | AV12: 7148 | AW12: 4026 | AX12: 1295 | AY12: 746 | AZ12: 508 | BA12: 415 | BB12: 500 | BC12: 526 | BD12: 260 | BE12: 124 | BF12: 44 | BG12: 17 | BH12: 12 | BI12: 11 | BJ12: 4 | BK12: 1 | BL12: 0 | BM12: 2592 | BN12: 2857 | BO12: 39 | BP12: 1 | BQ12: 0 | BR12: 180 | BS12: 18 | BT12: 1844 | BU12: 150 | BV12: 0 | BW12: 0 | BX12: 34 | BY12: 383 | BZ12: 0 | CA12: 19 | CB12: 0 | CC12: 0 | CD12: 10527 | CE12: 8359 | CF12: 39 | CG12: 129 | CH12: 62 | CI12: 36 | CJ12: 237 | CK12: 0 | CL12: 36 | CM12: 3 | CN12: 13011 | CO12: 13
A13: 동작구 | B13: 2 | C13: 3 | D13: 5 | E13: 5 | F13: 212 | G13: 107 | H13: 1195 | I13: 588 | J13: 1321 | K13: 1038 | L13: 390432 | M13: 16.36 | N13: 23870 | O13: 184030 | P13: 196566 | Q13: 4050 | R13: 5786 | S13: 2.05 | T13: 68231 | U13: 380596 | V13: 9021 | W13: 12331 | X13: 12684 | Y13: 13992 | Z13: 26142 | AA13: 38059 | AB13: 32706 | AC13: 27150 | AD13: 28431 | AE13: 27362 | AF13: 30607 | AG13: 26579 | AH13: 27660 | AI13: 22640 | AJ13: 16827 | AK13: 13036 | AL13: 9241 | AM13: 4311 | AN13: 1424 | AO13: 335 | AP13: 58 | AQ13: 9836 | AR13: 134 | AS13: 130 | AT13: 92 | AU13: 366 | AV13: 2657 | AW13: 1629 | AX13: 827 | AY13: 712 | AZ13: 489 | BA13: 386 | BB13: 670 | BC13: 888 | BD13: 497 | BE13: 232 | BF13: 73 | BG13: 23 | BH13: 10 | BI13: 14 | BJ13: 4 | BK13: 0 | BL13: 3 | BM13: 2404 | BN13: 2650 | BO13: 27 | BP13: 1 | BQ13: 0 | BR13: 127 | BS13: 117 | BT13: 1297 | BU13: 43 | BV13: 0 | BW13: 62 | BX13: 20 | BY13: 349 | BZ13: 0 | CA13: 10 | CB13: 0 | CC13: 0 | CD13: 8838 | CE13: 6019 | CF13: 58 | CG13: 69 | CH13: 35 | CI13: 58 | CJ13: 352 | CK13: 0 | CL13: 75 | CM13: 0 | CN13: 10274 | CO13: 19
... A26: 중랑구 | B26: 2 | C26: 2 | D26: 2 | E26: 2 | F26: 150 | G26: 121 | H26: 1508 | I26: 882 | J26: 1937 | K26: 1664 | L26: 390140 | M26: 18.5 | N26: 21092 | O26: 189537 | P26: 195781 | Q26: 1885 | R26: 2937 | S26: 2.06 | T26: 74920 | U26: 385318 | V26: 9108 | W26: 11234 | X26: 11846 | Y26: 12997 | Z26: 20715 | AA26: 31563 | AB26: 31058 | AC26: 26664 | AD26: 28158 | AE26: 26558 | AF26: 33250 | AG26: 32506 | AH26: 34871 | AI26: 27070 | AJ26: 18424 | AK26: 13591 | AL26: 9773 | AM26: 4202 | AN26: 1358 | AO26: 321 | AP26: 51 | AQ26: 4822 | AR26: 191 | AS26: 148 | AT26: 115 | AU26: 126 | AV26: 524 | AW26: 686 | AX26: 673 | AY26: 545 | AZ26: 361 | BA26: 314 | BB26: 414 | BC26: 388 | BD26: 207 | BE26: 79 | BF26: 37 | BG26: 7 | BH26: 2 | BI26: 2 | BJ26: 3 | BK26: 0 | BL26: 0 | BM26: 3856 | BN26: 3471 | BO26: 28 | BP26: 2 | BQ26: 56 | BR26: 270 | BS26: 0 | BT26: 3329 | BU26: 82 | BV26: 0 | BW26: 0 | BX26: 9 | BY26: 0 | BZ26: 0 | CA26: 0 | CB26: 2 | CC26: 0 | CD26: 9330 | CE26: 6877 | CF26: 47 | CG26: 149 | CH26: 17 | CI26: 46 | CJ26: 256 | CK26: 1 | CL26: 58 | CM26: 5 | CN26: 8373 | CO26: 12

Sheet 시기
A1: 설명서 | B1: 빈 셀 : | C1: 앞과 동일 내용 | E1: 해석 방법 | F1: A의 B9셀 의미: 현재 시트 말고 '전체' 시트의 AB9 셀 의미
B2: - : | C2: 내용 추가 필요
B3: 모름 : | C3: 직접 조사한게 아니라 모름
A4: NULL
A5: 변수 | B5: =전체!B1 -> 살인(발생) | C5: =전체!C1 -> 살인(검거) | D5: =전체!D1 -> 강도(발생) | E5: =전체!E1 -> 강도(검거) | F5: =전체!F1 -> 강간·강제추행(발생) | G5: =전체!G1 -> 강간·강제추행(검거) | H5: =전체!H1 -> 절도(발생) | I5: =전체!I1 -> 절도(검거) | ... Z5: =전체!Z1 -> 20~24세
A6: 데이터 시기 | B6: 2022 | L6: 2022 | O6: 2022
A7: 변경 가능 시기 | B7: 년도 | L7: 년,월 | O7: 년,분기
A8: A
A9: 변수 | B9: =전체!AA1 -> 25~29세 | C9: =전체!AB1 -> 30~34세 | D9: =전체!AC1 -> 35~39세 | E9: =전체!AD1 -> 40~44세 | F9: =전체!AE1 -> 45~49세 | G9: =전체!AF1 -> 50~54세 | H9: =전체!AG1 -> 55~59세 | I9: =전체!AH1 -> 60~64세 | ... Z9: =전체!AY1 -> 35~39세
A10: 데이터 시기
A11: 변경 가능 시기
A12: B
A13: 변수 | B13: =전체!BA1 -> 45~49세 | C13: =전체!BB1 -> 50~54세 | D13: =전체!BC1 -> 55~59세 | E13: =전체!BD1 -> 60~64세 | F13: =전체!BE1 -> 65~69세 | G13: =전체!BF1 -> 70~74세 | H13: =전체!BG1 -> 75~79세 | I13: =전체!BH1 -> 80~84세 | ... S13: =전체!BR1 -> 도심공원 | T13: =전체!BU1 -> 불법주정차 | U13: =전체!BV1 -> 산불감시 | V13: =전체!BW1 -> 시설물 관리 | W13: =전체!BX1 -> 쓰레기 무단투기 | X13: =전체!BY1 -> 어린이안전 | Y13: =전체!CC1 -> (비어 있음) | Z13: =전체!CD1 -> 보안등
A14: 데이터 시기 | N14: 2022 | O14: 2022-12-01 수집 | P14: 2023,2024에 수집, 도봉구만 2019에 수집 | Q14: 2022.2 최종 점검, 아산 데이터 1개 껴있었음
A15: 변경 가능 시기 | N15: 년도 | O15: 모름 | P15: 불가, 설치나 수집 날짜 고려는 가능 | Q15: 모름
A16: C
A17: 변수 | B17: =전체!CD1 -> 보안등 | C17: =전체!CE1 -> 가로등 | D17: =전체!CF1 -> 안심벨 (안심귀갓길) | E17: =전체!CG1 -> CCTV (안심귀갓길) | F17: =전체!CH1 -> 안내표지판 (전주 표기 포함) (안심귀갓길) | G17: =전체!CI1 -> 노면표기 (안심귀갓길) | H17: =전체!CJ1 -> 보안등 (안심귀갓길) | I17: =전체!CK1 -> 안심귀갓길 서비스 안내판 (안심귀갓길) | ... M17: =전체!CO1 -> 안심쉬가 스카우트 인원 | N17: =#REF! -> #REF! | O17: =#REF! -> #REF! | P17: =전체!CP1 -> 0 | Q17: =전체!CQ1 -> 0 | R17: =전체!CR1 -> 0 | S17: =전체!CS1 -> 0 | T17: =전체!CT1 -> 0 | U17: =전체!CU1 -> 0 | V17: =전체!CV1 -> 0 | W17: =전체!CW1 -> 0 | ... Z17: =전체!CZ1 -> 0
A18: 데이터 시기
A19: 변경 가능 시기
A20: D
A21: 변수
A22: 데이터 시기
A23: 변경 가능 시기

Sheet 5대범죄 장소
A1: 2022 | B1: 살인 | C1: 강도 | D1: 강간강제추행 | E1: 절도 | F1: 폭력
A2: 아파트 연립다세대 | B2: 30 | C2: 12 | D2: 551 | E2: 2886 | F2: 6302
A3: 단독주택 | B3: 26 | C3: 11 | D3: 578 | E3: 1579 | F3: 5712
A4: 노상 | B4: 17 | C4: 39 | D4: 950 | E4: 11442 | F4: 16872
A5: 상점 | B5: 2 | C5: 16 | D5: 191 | E5: 8991 | F5: 1356
A6: 숙박업소 목욕탕 | B6: 0 | C6: 2 | D6: 277 | E6: 337 | F6: 364
A7: 유흥접객업소 | B7: 5 | C7: 6 | D7: 679 | E7: 1684 | F7: 3565
A8: 사무실 | B8: 5 | C8: 5 | D8: 152 | E8: 420 | F8: 1048
A9: 역 대합실 | B9: 2 | C9: 1 | D9: 178 | E9: 348 | F9: 544
A10: 교통수단 | B10: 1 | C10: 2 | D10: 829 | E10: 1007 | F10: 1058
A11: 유원지 | B11: 1 | C11: 0 | D11: 68 | E11: 487 | F11: 406
A12: 학교 | B12: 0 | C12: 0 | D12: 47 | E12: 189 | F12: 192
A13: 금융기관 | B13: 0 | C13: 1 | D13: 4 | E13: 578 | F13: 65
A14: 기타 | B14: 15 | C14: 22 | D14: 1312 | E14: 7631 | F14: 9299
